"LOCATION","INDICATOR","SUBJECT","MEASURE","FREQUENCY","TIME","Value","Flag Codes"
"AUS","WAGEGAP","EMPLOYEE","PC","A","2000",17.2,
"AUS","WAGEGAP","EMPLOYEE","PC","A","2001",14.342105263,
"AUS","WAGEGAP","EMPLOYEE","PC","A","2002",15,
"AUS","WAGEGAP","EMPLOYEE","PC","A","2003",13.043478261,
"AUS","WAGEGAP","EMPLOYEE","PC","A","2004",14.352941176,
"AUS","WAGEGAP","EMPLOYEE","PC","A","2005",15.777777778,
"AUS","WAGEGAP","EMPLOYEE","PC","A","2006",16.666666667,
"AUS","WAGEGAP","EMPLOYEE","PC","A","2007",15.4,
"AUS","WAGEGAP","EMPLOYEE","PC","A","2008",11.937377691,
"AUS","WAGEGAP","EMPLOYEE","PC","A","2009",16.363636364,
"AUS","WAGEGAP","EMPLOYEE","PC","A","2010",14.04293381,
"AUS","WAGEGAP","EMPLOYEE","PC","A","2011",15.966386555,
"AUS","WAGEGAP","EMPLOYEE","PC","A","2012",13.75,
"AUS","WAGEGAP","EMPLOYEE","PC","A","2013",18,
"AUS","WAGEGAP","EMPLOYEE","PC","A","2014",15.384615385,
"AUS","WAGEGAP","EMPLOYEE","PC","A","2015",13,
"AUS","WAGEGAP","EMPLOYEE","PC","A","2016",11.538461538,
"AUS","WAGEGAP","EMPLOYEE","PC","A","2017",11.664190193,
"AUS","WAGEGAP","EMPLOYEE","PC","A","2018",11.714285714,
"AUS","WAGEGAP","EMPLOYEE","PC","A","2019",14.157877916,
"AUS","WAGEGAP","EMPLOYEE","PC","A","2020",9.863859826,
"AUT","WAGEGAP","EMPLOYEE","PC","A","2000",23.141943088,
"AUT","WAGEGAP","EMPLOYEE","PC","A","2001",22.801817823,
"AUT","WAGEGAP","EMPLOYEE","PC","A","2002",24.48922362,
"AUT","WAGEGAP","EMPLOYEE","PC","A","2003",21.136921977,
"AUT","WAGEGAP","EMPLOYEE","PC","A","2004",22.430792158,
"AUT","WAGEGAP","EMPLOYEE","PC","A","2005",22.032085753,
"AUT","WAGEGAP","EMPLOYEE","PC","A","2006",21.855130427,
"AUT","WAGEGAP","EMPLOYEE","PC","A","2007",21.634276366,
"AUT","WAGEGAP","EMPLOYEE","PC","A","2008",20.917320274,
"AUT","WAGEGAP","EMPLOYEE","PC","A","2009",19.355965917,
"AUT","WAGEGAP","EMPLOYEE","PC","A","2010",19.188862682,
"AUT","WAGEGAP","EMPLOYEE","PC","A","2011",18.550554118,
"AUT","WAGEGAP","EMPLOYEE","PC","A","2012",18.185056843,
"AUT","WAGEGAP","EMPLOYEE","PC","A","2013",18.053211411,
"AUT","WAGEGAP","EMPLOYEE","PC","A","2014",17.728884245,
"AUT","WAGEGAP","EMPLOYEE","PC","A","2015",17.04325299,
"AUT","WAGEGAP","EMPLOYEE","PC","A","2016",15.670899643,
"AUT","WAGEGAP","EMPLOYEE","PC","A","2017",15.38215397,
"AUT","WAGEGAP","EMPLOYEE","PC","A","2018",14.876690892,
"AUT","WAGEGAP","EMPLOYEE","PC","A","2019",14.011740808,
"BEL","WAGEGAP","EMPLOYEE","PC","A","2000",13.599231139,
"BEL","WAGEGAP","EMPLOYEE","PC","A","2001",13.186813187,
"BEL","WAGEGAP","EMPLOYEE","PC","A","2002",11.604714415,
"BEL","WAGEGAP","EMPLOYEE","PC","A","2003",15.205183585,
"BEL","WAGEGAP","EMPLOYEE","PC","A","2004",11.832061069,
"BEL","WAGEGAP","EMPLOYEE","PC","A","2005",11.511092507,
"BEL","WAGEGAP","EMPLOYEE","PC","A","2006",10.253267974,
"BEL","WAGEGAP","EMPLOYEE","PC","A","2007",9.8736176935,
"BEL","WAGEGAP","EMPLOYEE","PC","A","2008",8.9157536834,
"BEL","WAGEGAP","EMPLOYEE","PC","A","2009",7.4804614812,
"BEL","WAGEGAP","EMPLOYEE","PC","A","2010",7.0437956204,
"BEL","WAGEGAP","EMPLOYEE","PC","A","2011",5.8381088825,
"BEL","WAGEGAP","EMPLOYEE","PC","A","2012",6.4111498258,
"BEL","WAGEGAP","EMPLOYEE","PC","A","2013",5.9128630705,
"BEL","WAGEGAP","EMPLOYEE","PC","A","2014",3.2989003665,
"BEL","WAGEGAP","EMPLOYEE","PC","A","2015",4.672,
"BEL","WAGEGAP","EMPLOYEE","PC","A","2016",3.7012987013,
"BEL","WAGEGAP","EMPLOYEE","PC","A","2017",4.1902961563,
"BEL","WAGEGAP","EMPLOYEE","PC","A","2018",3.4087569791,
"CAN","WAGEGAP","EMPLOYEE","PC","A","2000",23.875,
"CAN","WAGEGAP","EMPLOYEE","PC","A","2001",24.324579125,
"CAN","WAGEGAP","EMPLOYEE","PC","A","2002",24.013157895,
"CAN","WAGEGAP","EMPLOYEE","PC","A","2003",22.502340337,
"CAN","WAGEGAP","EMPLOYEE","PC","A","2004",22.717948718,
"CAN","WAGEGAP","EMPLOYEE","PC","A","2005",21.25,
"CAN","WAGEGAP","EMPLOYEE","PC","A","2006",21.123321123,
"CAN","WAGEGAP","EMPLOYEE","PC","A","2007",20.808235294,
"CAN","WAGEGAP","EMPLOYEE","PC","A","2008",20.454545455,
"CAN","WAGEGAP","EMPLOYEE","PC","A","2009",20.131868132,
"CAN","WAGEGAP","EMPLOYEE","PC","A","2010",18.977469671,
"CAN","WAGEGAP","EMPLOYEE","PC","A","2011",19.175531915,
"CAN","WAGEGAP","EMPLOYEE","PC","A","2012",19.511231281,
"CAN","WAGEGAP","EMPLOYEE","PC","A","2013",19.30323498,
"CAN","WAGEGAP","EMPLOYEE","PC","A","2014",19.229,
"CAN","WAGEGAP","EMPLOYEE","PC","A","2015",18.62745098,
"CAN","WAGEGAP","EMPLOYEE","PC","A","2016",18.221153846,
"CAN","WAGEGAP","EMPLOYEE","PC","A","2017",18.17322239,
"CAN","WAGEGAP","EMPLOYEE","PC","A","2018",18.518518519,
"CAN","WAGEGAP","EMPLOYEE","PC","A","2019",17.607142857,
"CAN","WAGEGAP","EMPLOYEE","PC","A","2020",16.112531969,
"CZE","WAGEGAP","EMPLOYEE","PC","A","2001",16.876621646,
"CZE","WAGEGAP","EMPLOYEE","PC","A","2002",15.95069783,
"CZE","WAGEGAP","EMPLOYEE","PC","A","2003",15.637497318,
"CZE","WAGEGAP","EMPLOYEE","PC","A","2004",16.14681968,
"CZE","WAGEGAP","EMPLOYEE","PC","A","2005",15.93892946,
"CZE","WAGEGAP","EMPLOYEE","PC","A","2006",15.351766206,
"CZE","WAGEGAP","EMPLOYEE","PC","A","2007",16.931531878,
"CZE","WAGEGAP","EMPLOYEE","PC","A","2008",17.873019877,
"CZE","WAGEGAP","EMPLOYEE","PC","A","2009",15.105017965,
"CZE","WAGEGAP","EMPLOYEE","PC","A","2010",15.798503074,
"CZE","WAGEGAP","EMPLOYEE","PC","A","2011",16.329656698,
"CZE","WAGEGAP","EMPLOYEE","PC","A","2012",15.262979875,
"CZE","WAGEGAP","EMPLOYEE","PC","A","2013",15.378835316,
"CZE","WAGEGAP","EMPLOYEE","PC","A","2014",16.254560195,
"CZE","WAGEGAP","EMPLOYEE","PC","A","2015",16.455154158,
"CZE","WAGEGAP","EMPLOYEE","PC","A","2016",16.023430838,
"CZE","WAGEGAP","EMPLOYEE","PC","A","2017",15.614010894,
"CZE","WAGEGAP","EMPLOYEE","PC","A","2018",15.127413864,
"CZE","WAGEGAP","EMPLOYEE","PC","A","2019",14.714332257,
"CZE","WAGEGAP","EMPLOYEE","PC","A","2020",12.372862094,
"DNK","WAGEGAP","EMPLOYEE","PC","A","2002",10.797075707,
"DNK","WAGEGAP","EMPLOYEE","PC","A","2003",9.9218040939,
"DNK","WAGEGAP","EMPLOYEE","PC","A","2004",10.182205379,
"DNK","WAGEGAP","EMPLOYEE","PC","A","2005",10.167330438,
"DNK","WAGEGAP","EMPLOYEE","PC","A","2006",10.172061258,
"DNK","WAGEGAP","EMPLOYEE","PC","A","2007",9.8502979507,
"DNK","WAGEGAP","EMPLOYEE","PC","A","2008",10.183549034,
"DNK","WAGEGAP","EMPLOYEE","PC","A","2009",10.172005061,
"DNK","WAGEGAP","EMPLOYEE","PC","A","2010",8.895098479,
"DNK","WAGEGAP","EMPLOYEE","PC","A","2011",7.9471972536,
"DNK","WAGEGAP","EMPLOYEE","PC","A","2012",6.9998448762,
"DNK","WAGEGAP","EMPLOYEE","PC","A","2013",6.7689119452,
"DNK","WAGEGAP","EMPLOYEE","PC","A","2014",6.3238656948,
"DNK","WAGEGAP","EMPLOYEE","PC","A","2015",5.8360481128,
"DNK","WAGEGAP","EMPLOYEE","PC","A","2016",5.7326280384,
"DNK","WAGEGAP","EMPLOYEE","PC","A","2017",5.2966919656,
"DNK","WAGEGAP","EMPLOYEE","PC","A","2018",4.8632060095,
"DNK","WAGEGAP","EMPLOYEE","PC","A","2019",5.0592156283,
"FIN","WAGEGAP","EMPLOYEE","PC","A","2000",20.427489177,
"FIN","WAGEGAP","EMPLOYEE","PC","A","2001",21.239091287,
"FIN","WAGEGAP","EMPLOYEE","PC","A","2002",20.373202814,
"FIN","WAGEGAP","EMPLOYEE","PC","A","2003",20.099255583,
"FIN","WAGEGAP","EMPLOYEE","PC","A","2004",20.015151037,
"FIN","WAGEGAP","EMPLOYEE","PC","A","2005",18.941694033,
"FIN","WAGEGAP","EMPLOYEE","PC","A","2006",19.374794537,
"FIN","WAGEGAP","EMPLOYEE","PC","A","2007",21.376904093,
"FIN","WAGEGAP","EMPLOYEE","PC","A","2008",21.233952657,
"FIN","WAGEGAP","EMPLOYEE","PC","A","2009",19.675672792,
"FIN","WAGEGAP","EMPLOYEE","PC","A","2010",18.876999846,
"FIN","WAGEGAP","EMPLOYEE","PC","A","2011",18.607617095,
"FIN","WAGEGAP","EMPLOYEE","PC","A","2012",18.726074526,
"FIN","WAGEGAP","EMPLOYEE","PC","A","2013",20.178432711,
"FIN","WAGEGAP","EMPLOYEE","PC","A","2014",19.609079445,
"FIN","WAGEGAP","EMPLOYEE","PC","A","2015",18.055981324,
"FIN","WAGEGAP","EMPLOYEE","PC","A","2016",16.47225837,
"FIN","WAGEGAP","EMPLOYEE","PC","A","2017",17.717920638,
"FIN","WAGEGAP","EMPLOYEE","PC","A","2018",18.855203722,
"FIN","WAGEGAP","EMPLOYEE","PC","A","2019",17.159829635,
"FRA","WAGEGAP","EMPLOYEE","PC","A","2002",13.30472103,
"FRA","WAGEGAP","EMPLOYEE","PC","A","2006",9.3907466789,
"FRA","WAGEGAP","EMPLOYEE","PC","A","2010",9.1188075406,
"FRA","WAGEGAP","EMPLOYEE","PC","A","2014",9.8721023181,
"FRA","WAGEGAP","EMPLOYEE","PC","A","2018",11.823802164,
"DEU","WAGEGAP","EMPLOYEE","PC","A","2000",19.579030977,
"DEU","WAGEGAP","EMPLOYEE","PC","A","2001",19.105008078,
"DEU","WAGEGAP","EMPLOYEE","PC","A","2002",19.076590488,
"DEU","WAGEGAP","EMPLOYEE","PC","A","2003",19.554572271,
"DEU","WAGEGAP","EMPLOYEE","PC","A","2004",21.850217724,
"DEU","WAGEGAP","EMPLOYEE","PC","A","2005",16.347569956,
"DEU","WAGEGAP","EMPLOYEE","PC","A","2006",18.128654971,
"DEU","WAGEGAP","EMPLOYEE","PC","A","2007",16.715542522,
"DEU","WAGEGAP","EMPLOYEE","PC","A","2008",16.737517957,
"DEU","WAGEGAP","EMPLOYEE","PC","A","2009",16.524216524,
"DEU","WAGEGAP","EMPLOYEE","PC","A","2010",16.694715584,
"DEU","WAGEGAP","EMPLOYEE","PC","A","2011",16.944444444,
"DEU","WAGEGAP","EMPLOYEE","PC","A","2012",15.646258503,
"DEU","WAGEGAP","EMPLOYEE","PC","A","2013",14.093150685,
"DEU","WAGEGAP","EMPLOYEE","PC","A","2014",17.1875,
"DEU","WAGEGAP","EMPLOYEE","PC","A","2015",15.816326531,
"DEU","WAGEGAP","EMPLOYEE","PC","A","2016",15.510718789,
"DEU","WAGEGAP","EMPLOYEE","PC","A","2017",16.19047619,
"DEU","WAGEGAP","EMPLOYEE","PC","A","2018",15.250121418,
"DEU","WAGEGAP","EMPLOYEE","PC","A","2019",13.894902578,
"GRC","WAGEGAP","EMPLOYEE","PC","A","2002",23.565754634,
"GRC","WAGEGAP","EMPLOYEE","PC","A","2006",17.725752508,
"GRC","WAGEGAP","EMPLOYEE","PC","A","2010",9.9099099099,
"GRC","WAGEGAP","EMPLOYEE","PC","A","2014",7.1715817694,
"GRC","WAGEGAP","EMPLOYEE","PC","A","2018",5.9090909091,
"HUN","WAGEGAP","EMPLOYEE","PC","A","2000",14.098768043,
"HUN","WAGEGAP","EMPLOYEE","PC","A","2001",13.689781486,
"HUN","WAGEGAP","EMPLOYEE","PC","A","2002",9.1297122935,
"HUN","WAGEGAP","EMPLOYEE","PC","A","2003",1.4760044902,
"HUN","WAGEGAP","EMPLOYEE","PC","A","2004",3.0343737653,
"HUN","WAGEGAP","EMPLOYEE","PC","A","2005",4.0215265743,
"HUN","WAGEGAP","EMPLOYEE","PC","A","2006",0.3843870359,
"HUN","WAGEGAP","EMPLOYEE","PC","A","2007",3.6481061267,
"HUN","WAGEGAP","EMPLOYEE","PC","A","2008",2.2206544601,
"HUN","WAGEGAP","EMPLOYEE","PC","A","2009",3.8760880696,
"HUN","WAGEGAP","EMPLOYEE","PC","A","2010",6.3817122518,
"HUN","WAGEGAP","EMPLOYEE","PC","A","2011",6.8639053254,
"HUN","WAGEGAP","EMPLOYEE","PC","A","2012",11.332462443,
"HUN","WAGEGAP","EMPLOYEE","PC","A","2013",8.7236506348,
"HUN","WAGEGAP","EMPLOYEE","PC","A","2014",3.7726055271,
"HUN","WAGEGAP","EMPLOYEE","PC","A","2015",9.5238095238,
"HUN","WAGEGAP","EMPLOYEE","PC","A","2016",9.3643171806,
"HUN","WAGEGAP","EMPLOYEE","PC","A","2017",5.3202686547,
"HUN","WAGEGAP","EMPLOYEE","PC","A","2018",5.0632142857,
"HUN","WAGEGAP","EMPLOYEE","PC","A","2019",12.753673197,
"ISL","WAGEGAP","EMPLOYEE","PC","A","2002",28.722134916,
"ISL","WAGEGAP","EMPLOYEE","PC","A","2006",23.269628099,
"ISL","WAGEGAP","EMPLOYEE","PC","A","2010",16.46039604,
"ISL","WAGEGAP","EMPLOYEE","PC","A","2014",13.84083045,
"ISL","WAGEGAP","EMPLOYEE","PC","A","2018",12.901247189,
"IRL","WAGEGAP","EMPLOYEE","PC","A","2002",17.769038255,
"IRL","WAGEGAP","EMPLOYEE","PC","A","2006",19.602019602,
"IRL","WAGEGAP","EMPLOYEE","PC","A","2010",14.345864662,
"IRL","WAGEGAP","EMPLOYEE","PC","A","2014",10.606060606,
"IRL","WAGEGAP","EMPLOYEE","PC","A","2018",8.2840236686,
"ITA","WAGEGAP","EMPLOYEE","PC","A","2002",15.725101922,
"ITA","WAGEGAP","EMPLOYEE","PC","A","2006",10.512820513,
"ITA","WAGEGAP","EMPLOYEE","PC","A","2010",5.6405353728,
"ITA","WAGEGAP","EMPLOYEE","PC","A","2014",6.5847234416,
"ITA","WAGEGAP","EMPLOYEE","PC","A","2018",5.7080610022,
"JPN","WAGEGAP","EMPLOYEE","PC","A","2000",33.85930309,
"JPN","WAGEGAP","EMPLOYEE","PC","A","2001",33.864671438,
"JPN","WAGEGAP","EMPLOYEE","PC","A","2002",32.529722589,
"JPN","WAGEGAP","EMPLOYEE","PC","A","2003",31.997350116,
"JPN","WAGEGAP","EMPLOYEE","PC","A","2004",31.087391594,
"JPN","WAGEGAP","EMPLOYEE","PC","A","2005",32.825438887,
"JPN","WAGEGAP","EMPLOYEE","PC","A","2006",32.980832783,
"JPN","WAGEGAP","EMPLOYEE","PC","A","2007",31.742323097,
"JPN","WAGEGAP","EMPLOYEE","PC","A","2008",30.694397853,
"JPN","WAGEGAP","EMPLOYEE","PC","A","2009",28.284923928,
"JPN","WAGEGAP","EMPLOYEE","PC","A","2010",28.684300928,
"JPN","WAGEGAP","EMPLOYEE","PC","A","2011",27.395364926,
"JPN","WAGEGAP","EMPLOYEE","PC","A","2012",26.523545706,
"JPN","WAGEGAP","EMPLOYEE","PC","A","2013",26.587578507,
"JPN","WAGEGAP","EMPLOYEE","PC","A","2014",25.870989997,
"JPN","WAGEGAP","EMPLOYEE","PC","A","2015",25.731790334,
"JPN","WAGEGAP","EMPLOYEE","PC","A","2016",24.601289447,
"JPN","WAGEGAP","EMPLOYEE","PC","A","2017",24.518092661,
"JPN","WAGEGAP","EMPLOYEE","PC","A","2018",23.537368955,
"JPN","WAGEGAP","EMPLOYEE","PC","A","2019",23.480013436,
"JPN","WAGEGAP","EMPLOYEE","PC","A","2020",22.518568535,
"KOR","WAGEGAP","EMPLOYEE","PC","A","2000",41.654352443,
"KOR","WAGEGAP","EMPLOYEE","PC","A","2001",40.416140488,
"KOR","WAGEGAP","EMPLOYEE","PC","A","2002",41.028512789,
"KOR","WAGEGAP","EMPLOYEE","PC","A","2003",40.083154629,
"KOR","WAGEGAP","EMPLOYEE","PC","A","2004",39.623548252,
"KOR","WAGEGAP","EMPLOYEE","PC","A","2005",39.616632359,
"KOR","WAGEGAP","EMPLOYEE","PC","A","2006",39.774144311,
"KOR","WAGEGAP","EMPLOYEE","PC","A","2007",38.162064282,
"KOR","WAGEGAP","EMPLOYEE","PC","A","2008",39.037441734,
"KOR","WAGEGAP","EMPLOYEE","PC","A","2009",38.614682704,
"KOR","WAGEGAP","EMPLOYEE","PC","A","2010",39.605857342,
"KOR","WAGEGAP","EMPLOYEE","PC","A","2011",36.5642295,
"KOR","WAGEGAP","EMPLOYEE","PC","A","2012",36.298529966,
"KOR","WAGEGAP","EMPLOYEE","PC","A","2013",36.599634369,
"KOR","WAGEGAP","EMPLOYEE","PC","A","2014",36.653176139,
"KOR","WAGEGAP","EMPLOYEE","PC","A","2015",37.176281754,
"KOR","WAGEGAP","EMPLOYEE","PC","A","2016",36.666666667,
"KOR","WAGEGAP","EMPLOYEE","PC","A","2017",34.617382557,
"KOR","WAGEGAP","EMPLOYEE","PC","A","2018",34.107310951,
"KOR","WAGEGAP","EMPLOYEE","PC","A","2019",32.480444715,
"KOR","WAGEGAP","EMPLOYEE","PC","A","2020",31.48475223,
"LUX","WAGEGAP","EMPLOYEE","PC","A","2002",15.088529638,
"LUX","WAGEGAP","EMPLOYEE","PC","A","2006",7.6680672269,
"LUX","WAGEGAP","EMPLOYEE","PC","A","2010",4.5921644188,
"LUX","WAGEGAP","EMPLOYEE","PC","A","2014",3.4029167858,
"LUX","WAGEGAP","EMPLOYEE","PC","A","2018",-3.133514986,
"MEX","WAGEGAP","EMPLOYEE","PC","A","2005",16.666666667,
"MEX","WAGEGAP","EMPLOYEE","PC","A","2006",18.604651163,
"MEX","WAGEGAP","EMPLOYEE","PC","A","2007",12.5,
"MEX","WAGEGAP","EMPLOYEE","PC","A","2008",22.222222222,
"MEX","WAGEGAP","EMPLOYEE","PC","A","2009",16.666666667,
"MEX","WAGEGAP","EMPLOYEE","PC","A","2010",11.627906977,
"MEX","WAGEGAP","EMPLOYEE","PC","A","2011",10,
"MEX","WAGEGAP","EMPLOYEE","PC","A","2012",13.555555556,
"MEX","WAGEGAP","EMPLOYEE","PC","A","2013",15.433403805,
"MEX","WAGEGAP","EMPLOYEE","PC","A","2014",18.3,
"MEX","WAGEGAP","EMPLOYEE","PC","A","2015",16.666666667,
"MEX","WAGEGAP","EMPLOYEE","PC","A","2016",16.492248062,
"MEX","WAGEGAP","EMPLOYEE","PC","A","2017",11.111111111,
"MEX","WAGEGAP","EMPLOYEE","PC","A","2018",14,
"MEX","WAGEGAP","EMPLOYEE","PC","A","2019",18.75,
"MEX","WAGEGAP","EMPLOYEE","PC","A","2020",9.6124031008,
"NLD","WAGEGAP","EMPLOYEE","PC","A","2002",15.64,
"NLD","WAGEGAP","EMPLOYEE","PC","A","2006",15.982463133,
"NLD","WAGEGAP","EMPLOYEE","PC","A","2010",17.88914703,
"NLD","WAGEGAP","EMPLOYEE","PC","A","2014",15.304839723,
"NLD","WAGEGAP","EMPLOYEE","PC","A","2018",12.657091562,
"NZL","WAGEGAP","EMPLOYEE","PC","A","2000",7.1665560717,
"NZL","WAGEGAP","EMPLOYEE","PC","A","2001",8.0562659847,
"NZL","WAGEGAP","EMPLOYEE","PC","A","2002",7.3125,
"NZL","WAGEGAP","EMPLOYEE","PC","A","2003",7.6923076923,
"NZL","WAGEGAP","EMPLOYEE","PC","A","2004",8.0766995933,
"NZL","WAGEGAP","EMPLOYEE","PC","A","2005",9.6111111111,
"NZL","WAGEGAP","EMPLOYEE","PC","A","2006",9.3333333333,
"NZL","WAGEGAP","EMPLOYEE","PC","A","2007",7.1428571429,
"NZL","WAGEGAP","EMPLOYEE","PC","A","2008",8.0536912752,
"NZL","WAGEGAP","EMPLOYEE","PC","A","2009",8.7591240876,
"NZL","WAGEGAP","EMPLOYEE","PC","A","2010",7.0112359551,
"NZL","WAGEGAP","EMPLOYEE","PC","A","2011",4.5333333333,
"NZL","WAGEGAP","EMPLOYEE","PC","A","2012",5.9079061685,
"NZL","WAGEGAP","EMPLOYEE","PC","A","2013",6.5943238731,
"NZL","WAGEGAP","EMPLOYEE","PC","A","2014",6.0833333333,
"NZL","WAGEGAP","EMPLOYEE","PC","A","2015",7.92,
"NZL","WAGEGAP","EMPLOYEE","PC","A","2016",7.7692307692,
"NZL","WAGEGAP","EMPLOYEE","PC","A","2017",7.1508379888,
"NZL","WAGEGAP","EMPLOYEE","PC","A","2018",7.8696925329,
"NZL","WAGEGAP","EMPLOYEE","PC","A","2019",6.5084501978,
"NZL","WAGEGAP","EMPLOYEE","PC","A","2020",4.5814674475,
"NOR","WAGEGAP","EMPLOYEE","PC","A","2000",9.225413403,
"NOR","WAGEGAP","EMPLOYEE","PC","A","2001",9.7875885048,
"NOR","WAGEGAP","EMPLOYEE","PC","A","2002",9.690074539,
"NOR","WAGEGAP","EMPLOYEE","PC","A","2003",9.3297791318,
"NOR","WAGEGAP","EMPLOYEE","PC","A","2004",8.4496693608,
"NOR","WAGEGAP","EMPLOYEE","PC","A","2005",8.6243763364,
"NOR","WAGEGAP","EMPLOYEE","PC","A","2006",8.210742388,
"NOR","WAGEGAP","EMPLOYEE","PC","A","2007",8.7894397939,
"NOR","WAGEGAP","EMPLOYEE","PC","A","2008",8.7575757576,
"NOR","WAGEGAP","EMPLOYEE","PC","A","2009",8.2843713278,
"NOR","WAGEGAP","EMPLOYEE","PC","A","2010",7.2360953462,
"NOR","WAGEGAP","EMPLOYEE","PC","A","2011",7.1448124829,
"NOR","WAGEGAP","EMPLOYEE","PC","A","2012",5.7921184872,
"NOR","WAGEGAP","EMPLOYEE","PC","A","2013",6.5970453388,
"NOR","WAGEGAP","EMPLOYEE","PC","A","2014",5.8006941001,
"NOR","WAGEGAP","EMPLOYEE","PC","A","2015",6.9577735125,
"NOR","WAGEGAP","EMPLOYEE","PC","A","2016",6.3063063063,
"NOR","WAGEGAP","EMPLOYEE","PC","A","2017",5.4947613504,
"NOR","WAGEGAP","EMPLOYEE","PC","A","2018",5.1293690422,
"NOR","WAGEGAP","EMPLOYEE","PC","A","2019",4.3678665496,
"NOR","WAGEGAP","EMPLOYEE","PC","A","2020",4.8138639281,
"POL","WAGEGAP","EMPLOYEE","PC","A","2001",14.299742455,
"POL","WAGEGAP","EMPLOYEE","PC","A","2002",11.315955411,
"POL","WAGEGAP","EMPLOYEE","PC","A","2004",10.638848907,
"POL","WAGEGAP","EMPLOYEE","PC","A","2006",11.440420483,
"POL","WAGEGAP","EMPLOYEE","PC","A","2008",12.993822243,
"POL","WAGEGAP","EMPLOYEE","PC","A","2010",7.1902070437,
"POL","WAGEGAP","EMPLOYEE","PC","A","2012",10.620155274,
"POL","WAGEGAP","EMPLOYEE","PC","A","2014",11.07286288,
"POL","WAGEGAP","EMPLOYEE","PC","A","2016",9.4178809362,
"POL","WAGEGAP","EMPLOYEE","PC","A","2018",11.497909952,
"PRT","WAGEGAP","EMPLOYEE","PC","A","2002",21.857142857,
"PRT","WAGEGAP","EMPLOYEE","PC","A","2006",12.808460635,
"PRT","WAGEGAP","EMPLOYEE","PC","A","2010",16.020942408,
"PRT","WAGEGAP","EMPLOYEE","PC","A","2014",15.321756895,
"PRT","WAGEGAP","EMPLOYEE","PC","A","2018",11.665004985,
"SVK","WAGEGAP","EMPLOYEE","PC","A","2002",20.355160932,
"SVK","WAGEGAP","EMPLOYEE","PC","A","2003",20.689655172,
"SVK","WAGEGAP","EMPLOYEE","PC","A","2004",20.88376561,
"SVK","WAGEGAP","EMPLOYEE","PC","A","2005",20.099255583,
"SVK","WAGEGAP","EMPLOYEE","PC","A","2006",17.802768166,
"SVK","WAGEGAP","EMPLOYEE","PC","A","2007",17.521704815,
"SVK","WAGEGAP","EMPLOYEE","PC","A","2008",16.444769568,
"SVK","WAGEGAP","EMPLOYEE","PC","A","2009",16.432721259,
"SVK","WAGEGAP","EMPLOYEE","PC","A","2010",14.851117649,
"SVK","WAGEGAP","EMPLOYEE","PC","A","2011",15.449856429,
"SVK","WAGEGAP","EMPLOYEE","PC","A","2012",15.965269161,
"SVK","WAGEGAP","EMPLOYEE","PC","A","2013",14.109329757,
"SVK","WAGEGAP","EMPLOYEE","PC","A","2014",14.350047529,
"SVK","WAGEGAP","EMPLOYEE","PC","A","2015",13.376624885,
"SVK","WAGEGAP","EMPLOYEE","PC","A","2016",13.899182143,
"SVK","WAGEGAP","EMPLOYEE","PC","A","2017",15.040042332,
"SVK","WAGEGAP","EMPLOYEE","PC","A","2018",15.662080133,
"SVK","WAGEGAP","EMPLOYEE","PC","A","2019",13.869849949,
"SVK","WAGEGAP","EMPLOYEE","PC","A","2020",11.014467821,
"ESP","WAGEGAP","EMPLOYEE","PC","A","2002",17.161961367,
"ESP","WAGEGAP","EMPLOYEE","PC","A","2006",13.533333333,
"ESP","WAGEGAP","EMPLOYEE","PC","A","2010",13.504464286,
"ESP","WAGEGAP","EMPLOYEE","PC","A","2014",11.540497618,
"ESP","WAGEGAP","EMPLOYEE","PC","A","2018",8.6216072379,
"SWE","WAGEGAP","EMPLOYEE","PC","A","2000",12.371134021,
"SWE","WAGEGAP","EMPLOYEE","PC","A","2001",12.376237624,
"SWE","WAGEGAP","EMPLOYEE","PC","A","2002",11.904761905,
"SWE","WAGEGAP","EMPLOYEE","PC","A","2003",11.520737327,
"SWE","WAGEGAP","EMPLOYEE","PC","A","2004",10.762331839,
"SWE","WAGEGAP","EMPLOYEE","PC","A","2005",11.304347826,
"SWE","WAGEGAP","EMPLOYEE","PC","A","2006",11.016949153,
"SWE","WAGEGAP","EMPLOYEE","PC","A","2007",11.836734694,
"SWE","WAGEGAP","EMPLOYEE","PC","A","2008",10.588235294,
"SWE","WAGEGAP","EMPLOYEE","PC","A","2009",9.5419847328,
"SWE","WAGEGAP","EMPLOYEE","PC","A","2010",9.3632958801,
"SWE","WAGEGAP","EMPLOYEE","PC","A","2011",9.1575091575,
"SWE","WAGEGAP","EMPLOYEE","PC","A","2012",9.2857142857,
"SWE","WAGEGAP","EMPLOYEE","PC","A","2013",9.375,
"SWE","WAGEGAP","EMPLOYEE","PC","A","2014",9.1525423729,
"SWE","WAGEGAP","EMPLOYEE","PC","A","2015",8.3333333333,
"SWE","WAGEGAP","EMPLOYEE","PC","A","2016",8.1699346405,
"SWE","WAGEGAP","EMPLOYEE","PC","A","2017",7.3482428115,
"SWE","WAGEGAP","EMPLOYEE","PC","A","2018",7.1428571429,
"SWE","WAGEGAP","EMPLOYEE","PC","A","2019",7.5757575758,
"SWE","WAGEGAP","EMPLOYEE","PC","A","2020",7.4183976261,
"CHE","WAGEGAP","EMPLOYEE","PC","A","2000",23.787141178,
"CHE","WAGEGAP","EMPLOYEE","PC","A","2002",22.801619433,
"CHE","WAGEGAP","EMPLOYEE","PC","A","2004",22.012478004,
"CHE","WAGEGAP","EMPLOYEE","PC","A","2006",21.318132126,
"CHE","WAGEGAP","EMPLOYEE","PC","A","2008",21.307506053,
"CHE","WAGEGAP","EMPLOYEE","PC","A","2010",20.053595355,
"CHE","WAGEGAP","EMPLOYEE","PC","A","2012",19.343526441,
"CHE","WAGEGAP","EMPLOYEE","PC","A","2014",16.940742841,
"CHE","WAGEGAP","EMPLOYEE","PC","A","2016",14.762372073,
"CHE","WAGEGAP","EMPLOYEE","PC","A","2018",15.095647352,
"TUR","WAGEGAP","EMPLOYEE","PC","A","2006",3.2069970845,
"TUR","WAGEGAP","EMPLOYEE","PC","A","2010",3.1042128603,
"TUR","WAGEGAP","EMPLOYEE","PC","A","2014",6.8825910931,
"TUR","WAGEGAP","EMPLOYEE","PC","A","2018",9.980806142,
"GBR","WAGEGAP","EMPLOYEE","PC","A","2000",26.280313829,
"GBR","WAGEGAP","EMPLOYEE","PC","A","2001",25.639645899,
"GBR","WAGEGAP","EMPLOYEE","PC","A","2002",24.379099435,
"GBR","WAGEGAP","EMPLOYEE","PC","A","2003",24.124467087,
"GBR","WAGEGAP","EMPLOYEE","PC","A","2004",23.358740969,
"GBR","WAGEGAP","EMPLOYEE","PC","A","2005",22.0639582,
"GBR","WAGEGAP","EMPLOYEE","PC","A","2006",21.718084024,
"GBR","WAGEGAP","EMPLOYEE","PC","A","2007",21.634780707,
"GBR","WAGEGAP","EMPLOYEE","PC","A","2008",21.857869108,
"GBR","WAGEGAP","EMPLOYEE","PC","A","2009",20.686295954,
"GBR","WAGEGAP","EMPLOYEE","PC","A","2010",19.231436918,
"GBR","WAGEGAP","EMPLOYEE","PC","A","2011",18.246005203,
"GBR","WAGEGAP","EMPLOYEE","PC","A","2012",17.783882784,
"GBR","WAGEGAP","EMPLOYEE","PC","A","2013",17.482014388,
"GBR","WAGEGAP","EMPLOYEE","PC","A","2014",17.382742571,
"GBR","WAGEGAP","EMPLOYEE","PC","A","2015",17.101551481,
"GBR","WAGEGAP","EMPLOYEE","PC","A","2016",16.796536797,
"GBR","WAGEGAP","EMPLOYEE","PC","A","2017",16.534100525,
"GBR","WAGEGAP","EMPLOYEE","PC","A","2018",16.310424203,
"GBR","WAGEGAP","EMPLOYEE","PC","A","2019",16.099809282,
"GBR","WAGEGAP","EMPLOYEE","PC","A","2020",12.277867528,
"USA","WAGEGAP","EMPLOYEE","PC","A","2000",23.088923557,
"USA","WAGEGAP","EMPLOYEE","PC","A","2001",23.582089552,
"USA","WAGEGAP","EMPLOYEE","PC","A","2002",22.091310751,
"USA","WAGEGAP","EMPLOYEE","PC","A","2003",20.575539568,
"USA","WAGEGAP","EMPLOYEE","PC","A","2004",19.635343619,
"USA","WAGEGAP","EMPLOYEE","PC","A","2005",18.975069252,
"USA","WAGEGAP","EMPLOYEE","PC","A","2006",19.246298789,
"USA","WAGEGAP","EMPLOYEE","PC","A","2007",19.843342037,
"USA","WAGEGAP","EMPLOYEE","PC","A","2008",20.050125313,
"USA","WAGEGAP","EMPLOYEE","PC","A","2009",19.78021978,
"USA","WAGEGAP","EMPLOYEE","PC","A","2010",18.810679612,
"USA","WAGEGAP","EMPLOYEE","PC","A","2011",17.788461538,
"USA","WAGEGAP","EMPLOYEE","PC","A","2012",19.086651054,
"USA","WAGEGAP","EMPLOYEE","PC","A","2013",17.906976744,
"USA","WAGEGAP","EMPLOYEE","PC","A","2014",17.451205511,
"USA","WAGEGAP","EMPLOYEE","PC","A","2015",18.882681564,
"USA","WAGEGAP","EMPLOYEE","PC","A","2016",18.142076503,
"USA","WAGEGAP","EMPLOYEE","PC","A","2017",18.172157279,
"USA","WAGEGAP","EMPLOYEE","PC","A","2018",18.910585817,
"USA","WAGEGAP","EMPLOYEE","PC","A","2019",18.470705065,
"USA","WAGEGAP","EMPLOYEE","PC","A","2020",17.652495379,
"BGR","WAGEGAP","EMPLOYEE","PC","A","2002",12.012692656,
"BGR","WAGEGAP","EMPLOYEE","PC","A","2006",-1.342281879,
"BGR","WAGEGAP","EMPLOYEE","PC","A","2010",6.9343065693,
"BGR","WAGEGAP","EMPLOYEE","PC","A","2014",4.0625,
"BGR","WAGEGAP","EMPLOYEE","PC","A","2018",3.0303030303,
"CHL","WAGEGAP","EMPLOYEE","PC","A","2000",6.0729,
"CHL","WAGEGAP","EMPLOYEE","PC","A","2003",1.6831838918,
"CHL","WAGEGAP","EMPLOYEE","PC","A","2006",5.5555555556,
"CHL","WAGEGAP","EMPLOYEE","PC","A","2009",9.0909090909,
"CHL","WAGEGAP","EMPLOYEE","PC","A","2011",16,
"CHL","WAGEGAP","EMPLOYEE","PC","A","2013",10.666666667,
"CHL","WAGEGAP","EMPLOYEE","PC","A","2015",14.285714286,
"CHL","WAGEGAP","EMPLOYEE","PC","A","2017",12.5,
"CHL","WAGEGAP","EMPLOYEE","PC","A","2020",8.5964583333,
"COL","WAGEGAP","EMPLOYEE","PC","A","2007",1.3393170184,
"COL","WAGEGAP","EMPLOYEE","PC","A","2008",1.7396907216,
"COL","WAGEGAP","EMPLOYEE","PC","A","2009",3.3846751713,
"COL","WAGEGAP","EMPLOYEE","PC","A","2010",6.4305555556,
"COL","WAGEGAP","EMPLOYEE","PC","A","2011",3.5348084188,
"COL","WAGEGAP","EMPLOYEE","PC","A","2012",8.1979467756,
"COL","WAGEGAP","EMPLOYEE","PC","A","2013",7.1428571429,
"COL","WAGEGAP","EMPLOYEE","PC","A","2014",9.6,
"COL","WAGEGAP","EMPLOYEE","PC","A","2015",11.141715728,
"COL","WAGEGAP","EMPLOYEE","PC","A","2016",7.0917506686,
"COL","WAGEGAP","EMPLOYEE","PC","A","2017",7.6923076923,
"COL","WAGEGAP","EMPLOYEE","PC","A","2018",5.7879259259,
"COL","WAGEGAP","EMPLOYEE","PC","A","2019",4,
"COL","WAGEGAP","EMPLOYEE","PC","A","2020",-0.114025086,
"CRI","WAGEGAP","EMPLOYEE","PC","A","2010",0,
"CRI","WAGEGAP","EMPLOYEE","PC","A","2011",4.6306818182,
"CRI","WAGEGAP","EMPLOYEE","PC","A","2012",0.5524861878,
"CRI","WAGEGAP","EMPLOYEE","PC","A","2013",0,
"CRI","WAGEGAP","EMPLOYEE","PC","A","2014",5.1497005988,
"CRI","WAGEGAP","EMPLOYEE","PC","A","2015",3.7037037037,
"CRI","WAGEGAP","EMPLOYEE","PC","A","2016",1.7857142857,
"CRI","WAGEGAP","EMPLOYEE","PC","A","2017",2.967032967,
"CRI","WAGEGAP","EMPLOYEE","PC","A","2018",4.7252747253,
"CRI","WAGEGAP","EMPLOYEE","PC","A","2019",0,
"HRV","WAGEGAP","EMPLOYEE","PC","A","2010",3.8323353293,
"HRV","WAGEGAP","EMPLOYEE","PC","A","2014",-1.677852349,
"HRV","WAGEGAP","EMPLOYEE","PC","A","2018",7.9150579151,
"CYP","WAGEGAP","EMPLOYEE","PC","A","2002",31.399946315,
"CYP","WAGEGAP","EMPLOYEE","PC","A","2006",30.478309232,
"CYP","WAGEGAP","EMPLOYEE","PC","A","2010",24.600990644,
"CYP","WAGEGAP","EMPLOYEE","PC","A","2014",13.409234662,
"CYP","WAGEGAP","EMPLOYEE","PC","A","2018",15.871047737,
"EST","WAGEGAP","EMPLOYEE","PC","A","2010",23.494800731,
"EST","WAGEGAP","EMPLOYEE","PC","A","2014",22.888015717,
"EST","WAGEGAP","EMPLOYEE","PC","A","2018",17.318435754,
"ISR","WAGEGAP","EMPLOYEE","PC","A","2001",27.974718329,
"ISR","WAGEGAP","EMPLOYEE","PC","A","2002",24.207612457,
"ISR","WAGEGAP","EMPLOYEE","PC","A","2003",25.325311319,
"ISR","WAGEGAP","EMPLOYEE","PC","A","2004",25.013528139,
"ISR","WAGEGAP","EMPLOYEE","PC","A","2005",21.924398625,
"ISR","WAGEGAP","EMPLOYEE","PC","A","2006",21.955215729,
"ISR","WAGEGAP","EMPLOYEE","PC","A","2007",20.40924794,
"ISR","WAGEGAP","EMPLOYEE","PC","A","2008",22.058823529,
"ISR","WAGEGAP","EMPLOYEE","PC","A","2009",21.13599802,
"ISR","WAGEGAP","EMPLOYEE","PC","A","2010",20.391577392,
"ISR","WAGEGAP","EMPLOYEE","PC","A","2011",19.659666908,
"ISR","WAGEGAP","EMPLOYEE","PC","A","2012",20,
"ISR","WAGEGAP","EMPLOYEE","PC","A","2013",20.345901815,
"ISR","WAGEGAP","EMPLOYEE","PC","A","2014",20.108141196,
"ISR","WAGEGAP","EMPLOYEE","PC","A","2015",20.439189189,
"ISR","WAGEGAP","EMPLOYEE","PC","A","2016",21.593332041,
"ISR","WAGEGAP","EMPLOYEE","PC","A","2017",21.791789941,
"ISR","WAGEGAP","EMPLOYEE","PC","A","2018",22.659192432,
"LVA","WAGEGAP","EMPLOYEE","PC","A","2002",18.919555573,
"LVA","WAGEGAP","EMPLOYEE","PC","A","2006",8.4656084656,
"LVA","WAGEGAP","EMPLOYEE","PC","A","2010",19.055649241,
"LVA","WAGEGAP","EMPLOYEE","PC","A","2014",21.122994652,
"LVA","WAGEGAP","EMPLOYEE","PC","A","2018",20.289855072,
"LTU","WAGEGAP","EMPLOYEE","PC","A","2002",15.083743188,
"LTU","WAGEGAP","EMPLOYEE","PC","A","2006",16.818181818,
"LTU","WAGEGAP","EMPLOYEE","PC","A","2010",10.642570281,
"LTU","WAGEGAP","EMPLOYEE","PC","A","2014",12.479740681,
"LTU","WAGEGAP","EMPLOYEE","PC","A","2018",11.689814815,
"MLT","WAGEGAP","EMPLOYEE","PC","A","2002",13.555733265,
"MLT","WAGEGAP","EMPLOYEE","PC","A","2006",7.4407195421,
"MLT","WAGEGAP","EMPLOYEE","PC","A","2010",7.0678796361,
"MLT","WAGEGAP","EMPLOYEE","PC","A","2014",8.9894606324,
"MLT","WAGEGAP","EMPLOYEE","PC","A","2018",11.09375,
"ROU","WAGEGAP","EMPLOYEE","PC","A","2002",16.160990712,
"ROU","WAGEGAP","EMPLOYEE","PC","A","2006",8.3969465649,
"ROU","WAGEGAP","EMPLOYEE","PC","A","2010",9.6317280453,
"ROU","WAGEGAP","EMPLOYEE","PC","A","2014",1.5463917526,
"ROU","WAGEGAP","EMPLOYEE","PC","A","2018",3.4965034965,
"SVN","WAGEGAP","EMPLOYEE","PC","A","2002",9.3588840675,
"SVN","WAGEGAP","EMPLOYEE","PC","A","2006",6.5573770492,
"SVN","WAGEGAP","EMPLOYEE","PC","A","2010",0.9917355372,
"SVN","WAGEGAP","EMPLOYEE","PC","A","2014",4.9962714392,
"SVN","WAGEGAP","EMPLOYEE","PC","A","2018",8.1945369753,
"OECD","WAGEGAP","EMPLOYEE","PC","A","2000",18.0863833553353,
"OECD","WAGEGAP","EMPLOYEE","PC","A","2001",17.854225351292,
"OECD","WAGEGAP","EMPLOYEE","PC","A","2002",17.5057861954941,
"OECD","WAGEGAP","EMPLOYEE","PC","A","2003",16.8183365800628,
"OECD","WAGEGAP","EMPLOYEE","PC","A","2004",16.4423315049153,
"OECD","WAGEGAP","EMPLOYEE","PC","A","2005",15.9236066583827,
"OECD","WAGEGAP","EMPLOYEE","PC","A","2006",15.3659609813971,
"OECD","WAGEGAP","EMPLOYEE","PC","A","2007",14.5340564084669,
"OECD","WAGEGAP","EMPLOYEE","PC","A","2008",14.5281863855094,
"OECD","WAGEGAP","EMPLOYEE","PC","A","2009",13.9961949102026,
"OECD","WAGEGAP","EMPLOYEE","PC","A","2010",13.5057791335159,
"OECD","WAGEGAP","EMPLOYEE","PC","A","2011",13.3596664639136,
"OECD","WAGEGAP","EMPLOYEE","PC","A","2012",13.4084174466179,
"OECD","WAGEGAP","EMPLOYEE","PC","A","2013",13.3039384322988,
"OECD","WAGEGAP","EMPLOYEE","PC","A","2014",13.3437995029996,
"OECD","WAGEGAP","EMPLOYEE","PC","A","2015",13.5469261722357,
"OECD","WAGEGAP","EMPLOYEE","PC","A","2016",12.9705981873443,
"OECD","WAGEGAP","EMPLOYEE","PC","A","2017",12.6351365621677,
"OECD","WAGEGAP","EMPLOYEE","PC","A","2018",12.6175434426257,
"OECD","WAGEGAP","EMPLOYEE","PC","A","2019",12.5298377253373,
"EU27","WAGEGAP","EMPLOYEE","PC","A","2002",16.117691807,
"EU27","WAGEGAP","EMPLOYEE","PC","A","2003",15.4352900584341,
"EU27","WAGEGAP","EMPLOYEE","PC","A","2004",14.9710617285901,
"EU27","WAGEGAP","EMPLOYEE","PC","A","2005",14.2175667927245,
"EU27","WAGEGAP","EMPLOYEE","PC","A","2006",13.0878586273095,
"EU27","WAGEGAP","EMPLOYEE","PC","A","2007",13.0035030339452,
"EU27","WAGEGAP","EMPLOYEE","PC","A","2008",12.5905982108379,
"EU27","WAGEGAP","EMPLOYEE","PC","A","2009",11.9490728053923,
"EU27","WAGEGAP","EMPLOYEE","PC","A","2010",12.2495863421955,
"EU27","WAGEGAP","EMPLOYEE","PC","A","2011",12.1719278506043,
"EU27","WAGEGAP","EMPLOYEE","PC","A","2012",12.2925642814446,
"EU27","WAGEGAP","EMPLOYEE","PC","A","2013",12.0315285075347,
"EU27","WAGEGAP","EMPLOYEE","PC","A","2014",11.8201068137,
"EU27","WAGEGAP","EMPLOYEE","PC","A","2015",12.0302473615083,
"EU27","WAGEGAP","EMPLOYEE","PC","A","2016",11.5776655182723,
"EU27","WAGEGAP","EMPLOYEE","PC","A","2017",11.3314190490071,
"EU27","WAGEGAP","EMPLOYEE","PC","A","2018",11.1385132639667,
"EU27","WAGEGAP","EMPLOYEE","PC","A","2019",11.2432044144905,
